<application>
  <component name="ProjectJdkTable">
    <jdk version="2">
      <name value="graalvm-ce-23" />
      <type value="JavaSDK" />
      <version value="GraalVM CE 23.0.2 - VM 24.1.2 - aarch64" />
      <homePath value="$USER_HOME$/.sdkman/candidates/java/23.0.2-graalce" />
      <roots>
        <annotationsPath>
          <root type="composite">
            <root url="jar://$APPLICATION_HOME_DIR$/plugins/java/lib/resources/jdkAnnotations.jar!/" type="simple" />
          </root>
        </annotationsPath>
        <classPath>
          <root type="composite">
            <root url="jrt://$USER_HOME$/.sdkman/candidates/java/23.0.2-graalce!/com.oracle.graal.graal_enterprise" type="simple" />
            <root url="jrt://$USER_HOME$/.sdkman/candidates/java/23.0.2-graalce!/com.oracle.svm.enterprise.truffle" type="simple" />
            <root url="jrt://$USER_HOME$/.sdkman/candidates/java/23.0.2-graalce!/com.oracle.svm.extraimage_enterprise" type="simple" />
            <root url="jrt://$USER_HOME$/.sdkman/candidates/java/23.0.2-graalce!/com.oracle.svm.svm_enterprise" type="simple" />
            <root url="jrt://$USER_HOME$/.sdkman/candidates/java/23.0.2-graalce!/com.oracle.svm_enterprise.ml_dataset" type="simple" />
            <root url="jrt://$USER_HOME$/.sdkman/candidates/java/23.0.2-graalce!/com.oracle.truffle.enterprise" type="simple" />
            <root url="jrt://$USER_HOME$/.sdkman/candidates/java/23.0.2-graalce!/com.oracle.truffle.enterprise.svm" type="simple" />
            <root url="jrt://$USER_HOME$/.sdkman/candidates/java/23.0.2-graalce!/java.base" type="simple" />
            <root url="jrt://$USER_HOME$/.sdkman/candidates/java/23.0.2-graalce!/java.compiler" type="simple" />
            <root url="jrt://$USER_HOME$/.sdkman/candidates/java/23.0.2-graalce!/java.datatransfer" type="simple" />
            <root url="jrt://$USER_HOME$/.sdkman/candidates/java/23.0.2-graalce!/java.desktop" type="simple" />
            <root url="jrt://$USER_HOME$/.sdkman/candidates/java/23.0.2-graalce!/java.instrument" type="simple" />
            <root url="jrt://$USER_HOME$/.sdkman/candidates/java/23.0.2-graalce!/java.logging" type="simple" />
            <root url="jrt://$USER_HOME$/.sdkman/candidates/java/23.0.2-graalce!/java.management" type="simple" />
            <root url="jrt://$USER_HOME$/.sdkman/candidates/java/23.0.2-graalce!/java.management.rmi" type="simple" />
            <root url="jrt://$USER_HOME$/.sdkman/candidates/java/23.0.2-graalce!/java.naming" type="simple" />
            <root url="jrt://$USER_HOME$/.sdkman/candidates/java/23.0.2-graalce!/java.net.http" type="simple" />
            <root url="jrt://$USER_HOME$/.sdkman/candidates/java/23.0.2-graalce!/java.prefs" type="simple" />
            <root url="jrt://$USER_HOME$/.sdkman/candidates/java/23.0.2-graalce!/java.rmi" type="simple" />
            <root url="jrt://$USER_HOME$/.sdkman/candidates/java/23.0.2-graalce!/java.scripting" type="simple" />
            <root url="jrt://$USER_HOME$/.sdkman/candidates/java/23.0.2-graalce!/java.se" type="simple" />
            <root url="jrt://$USER_HOME$/.sdkman/candidates/java/23.0.2-graalce!/java.security.jgss" type="simple" />
            <root url="jrt://$USER_HOME$/.sdkman/candidates/java/23.0.2-graalce!/java.security.sasl" type="simple" />
            <root url="jrt://$USER_HOME$/.sdkman/candidates/java/23.0.2-graalce!/java.smartcardio" type="simple" />
            <root url="jrt://$USER_HOME$/.sdkman/candidates/java/23.0.2-graalce!/java.sql" type="simple" />
            <root url="jrt://$USER_HOME$/.sdkman/candidates/java/23.0.2-graalce!/java.sql.rowset" type="simple" />
            <root url="jrt://$USER_HOME$/.sdkman/candidates/java/23.0.2-graalce!/java.transaction.xa" type="simple" />
            <root url="jrt://$USER_HOME$/.sdkman/candidates/java/23.0.2-graalce!/java.xml" type="simple" />
            <root url="jrt://$USER_HOME$/.sdkman/candidates/java/23.0.2-graalce!/java.xml.crypto" type="simple" />
            <root url="jrt://$USER_HOME$/.sdkman/candidates/java/23.0.2-graalce!/jdk.accessibility" type="simple" />
            <root url="jrt://$USER_HOME$/.sdkman/candidates/java/23.0.2-graalce!/jdk.attach" type="simple" />
            <root url="jrt://$USER_HOME$/.sdkman/candidates/java/23.0.2-graalce!/jdk.charsets" type="simple" />
            <root url="jrt://$USER_HOME$/.sdkman/candidates/java/23.0.2-graalce!/jdk.compiler" type="simple" />
            <root url="jrt://$USER_HOME$/.sdkman/candidates/java/23.0.2-graalce!/jdk.crypto.cryptoki" type="simple" />
            <root url="jrt://$USER_HOME$/.sdkman/candidates/java/23.0.2-graalce!/jdk.crypto.ec" type="simple" />
            <root url="jrt://$USER_HOME$/.sdkman/candidates/java/23.0.2-graalce!/jdk.dynalink" type="simple" />
            <root url="jrt://$USER_HOME$/.sdkman/candidates/java/23.0.2-graalce!/jdk.editpad" type="simple" />
            <root url="jrt://$USER_HOME$/.sdkman/candidates/java/23.0.2-graalce!/jdk.graal.compiler" type="simple" />
            <root url="jrt://$USER_HOME$/.sdkman/candidates/java/23.0.2-graalce!/jdk.graal.compiler.management" type="simple" />
            <root url="jrt://$USER_HOME$/.sdkman/candidates/java/23.0.2-graalce!/jdk.hotspot.agent" type="simple" />
            <root url="jrt://$USER_HOME$/.sdkman/candidates/java/23.0.2-graalce!/jdk.httpserver" type="simple" />
            <root url="jrt://$USER_HOME$/.sdkman/candidates/java/23.0.2-graalce!/jdk.incubator.vector" type="simple" />
            <root url="jrt://$USER_HOME$/.sdkman/candidates/java/23.0.2-graalce!/jdk.internal.ed" type="simple" />
            <root url="jrt://$USER_HOME$/.sdkman/candidates/java/23.0.2-graalce!/jdk.internal.jvmstat" type="simple" />
            <root url="jrt://$USER_HOME$/.sdkman/candidates/java/23.0.2-graalce!/jdk.internal.le" type="simple" />
            <root url="jrt://$USER_HOME$/.sdkman/candidates/java/23.0.2-graalce!/jdk.internal.md" type="simple" />
            <root url="jrt://$USER_HOME$/.sdkman/candidates/java/23.0.2-graalce!/jdk.internal.opt" type="simple" />
            <root url="jrt://$USER_HOME$/.sdkman/candidates/java/23.0.2-graalce!/jdk.internal.vm.ci" type="simple" />
            <root url="jrt://$USER_HOME$/.sdkman/candidates/java/23.0.2-graalce!/jdk.jartool" type="simple" />
            <root url="jrt://$USER_HOME$/.sdkman/candidates/java/23.0.2-graalce!/jdk.javadoc" type="simple" />
            <root url="jrt://$USER_HOME$/.sdkman/candidates/java/23.0.2-graalce!/jdk.jcmd" type="simple" />
            <root url="jrt://$USER_HOME$/.sdkman/candidates/java/23.0.2-graalce!/jdk.jconsole" type="simple" />
            <root url="jrt://$USER_HOME$/.sdkman/candidates/java/23.0.2-graalce!/jdk.jdeps" type="simple" />
            <root url="jrt://$USER_HOME$/.sdkman/candidates/java/23.0.2-graalce!/jdk.jdi" type="simple" />
            <root url="jrt://$USER_HOME$/.sdkman/candidates/java/23.0.2-graalce!/jdk.jdwp.agent" type="simple" />
            <root url="jrt://$USER_HOME$/.sdkman/candidates/java/23.0.2-graalce!/jdk.jfr" type="simple" />
            <root url="jrt://$USER_HOME$/.sdkman/candidates/java/23.0.2-graalce!/jdk.jlink" type="simple" />
            <root url="jrt://$USER_HOME$/.sdkman/candidates/java/23.0.2-graalce!/jdk.jpackage" type="simple" />
            <root url="jrt://$USER_HOME$/.sdkman/candidates/java/23.0.2-graalce!/jdk.jshell" type="simple" />
            <root url="jrt://$USER_HOME$/.sdkman/candidates/java/23.0.2-graalce!/jdk.jsobject" type="simple" />
            <root url="jrt://$USER_HOME$/.sdkman/candidates/java/23.0.2-graalce!/jdk.jstatd" type="simple" />
            <root url="jrt://$USER_HOME$/.sdkman/candidates/java/23.0.2-graalce!/jdk.localedata" type="simple" />
            <root url="jrt://$USER_HOME$/.sdkman/candidates/java/23.0.2-graalce!/jdk.management" type="simple" />
            <root url="jrt://$USER_HOME$/.sdkman/candidates/java/23.0.2-graalce!/jdk.management.agent" type="simple" />
            <root url="jrt://$USER_HOME$/.sdkman/candidates/java/23.0.2-graalce!/jdk.management.jfr" type="simple" />
            <root url="jrt://$USER_HOME$/.sdkman/candidates/java/23.0.2-graalce!/jdk.naming.dns" type="simple" />
            <root url="jrt://$USER_HOME$/.sdkman/candidates/java/23.0.2-graalce!/jdk.naming.rmi" type="simple" />
            <root url="jrt://$USER_HOME$/.sdkman/candidates/java/23.0.2-graalce!/jdk.net" type="simple" />
            <root url="jrt://$USER_HOME$/.sdkman/candidates/java/23.0.2-graalce!/jdk.nio.mapmode" type="simple" />
            <root url="jrt://$USER_HOME$/.sdkman/candidates/java/23.0.2-graalce!/jdk.sctp" type="simple" />
            <root url="jrt://$USER_HOME$/.sdkman/candidates/java/23.0.2-graalce!/jdk.security.auth" type="simple" />
            <root url="jrt://$USER_HOME$/.sdkman/candidates/java/23.0.2-graalce!/jdk.security.jgss" type="simple" />
            <root url="jrt://$USER_HOME$/.sdkman/candidates/java/23.0.2-graalce!/jdk.unsupported" type="simple" />
            <root url="jrt://$USER_HOME$/.sdkman/candidates/java/23.0.2-graalce!/jdk.unsupported.desktop" type="simple" />
            <root url="jrt://$USER_HOME$/.sdkman/candidates/java/23.0.2-graalce!/jdk.xml.dom" type="simple" />
            <root url="jrt://$USER_HOME$/.sdkman/candidates/java/23.0.2-graalce!/jdk.zipfs" type="simple" />
            <root url="jrt://$USER_HOME$/.sdkman/candidates/java/23.0.2-graalce!/org.graalvm.collections" type="simple" />
            <root url="jrt://$USER_HOME$/.sdkman/candidates/java/23.0.2-graalce!/org.graalvm.extraimage.builder" type="simple" />
            <root url="jrt://$USER_HOME$/.sdkman/candidates/java/23.0.2-graalce!/org.graalvm.extraimage.librarysupport" type="simple" />
            <root url="jrt://$USER_HOME$/.sdkman/candidates/java/23.0.2-graalce!/org.graalvm.nativeimage" type="simple" />
            <root url="jrt://$USER_HOME$/.sdkman/candidates/java/23.0.2-graalce!/org.graalvm.nativeimage.llvm" type="simple" />
            <root url="jrt://$USER_HOME$/.sdkman/candidates/java/23.0.2-graalce!/org.graalvm.truffle.compiler" type="simple" />
            <root url="jrt://$USER_HOME$/.sdkman/candidates/java/23.0.2-graalce!/org.graalvm.word" type="simple" />
          </root>
        </classPath>
        <javadocPath>
          <root type="composite" />
        </javadocPath>
        <sourcePath>
          <root type="composite">
            <root url="jar://$USER_HOME$/.sdkman/candidates/java/23.0.2-graalce/lib/src.zip!/java.se" type="simple" />
            <root url="jar://$USER_HOME$/.sdkman/candidates/java/23.0.2-graalce/lib/src.zip!/jdk.jdi" type="simple" />
            <root url="jar://$USER_HOME$/.sdkman/candidates/java/23.0.2-graalce/lib/src.zip!/jdk.jfr" type="simple" />
            <root url="jar://$USER_HOME$/.sdkman/candidates/java/23.0.2-graalce/lib/src.zip!/jdk.net" type="simple" />
            <root url="jar://$USER_HOME$/.sdkman/candidates/java/23.0.2-graalce/lib/src.zip!/java.rmi" type="simple" />
            <root url="jar://$USER_HOME$/.sdkman/candidates/java/23.0.2-graalce/lib/src.zip!/java.sql" type="simple" />
            <root url="jar://$USER_HOME$/.sdkman/candidates/java/23.0.2-graalce/lib/src.zip!/java.xml" type="simple" />
            <root url="jar://$USER_HOME$/.sdkman/candidates/java/23.0.2-graalce/lib/src.zip!/jdk.jcmd" type="simple" />
            <root url="jar://$USER_HOME$/.sdkman/candidates/java/23.0.2-graalce/lib/src.zip!/jdk.sctp" type="simple" />
            <root url="jar://$USER_HOME$/.sdkman/candidates/java/23.0.2-graalce/lib/src.zip!/java.base" type="simple" />
            <root url="jar://$USER_HOME$/.sdkman/candidates/java/23.0.2-graalce/lib/src.zip!/jdk.jdeps" type="simple" />
            <root url="jar://$USER_HOME$/.sdkman/candidates/java/23.0.2-graalce/lib/src.zip!/jdk.jlink" type="simple" />
            <root url="jar://$USER_HOME$/.sdkman/candidates/java/23.0.2-graalce/lib/src.zip!/jdk.zipfs" type="simple" />
            <root url="jar://$USER_HOME$/.sdkman/candidates/java/23.0.2-graalce/lib/src.zip!/java.prefs" type="simple" />
            <root url="jar://$USER_HOME$/.sdkman/candidates/java/23.0.2-graalce/lib/src.zip!/jdk.attach" type="simple" />
            <root url="jar://$USER_HOME$/.sdkman/candidates/java/23.0.2-graalce/lib/src.zip!/jdk.jshell" type="simple" />
            <root url="jar://$USER_HOME$/.sdkman/candidates/java/23.0.2-graalce/lib/src.zip!/jdk.jstatd" type="simple" />
            <root url="jar://$USER_HOME$/.sdkman/candidates/java/23.0.2-graalce/lib/src.zip!/java.naming" type="simple" />
            <root url="jar://$USER_HOME$/.sdkman/candidates/java/23.0.2-graalce/lib/src.zip!/jdk.editpad" type="simple" />
            <root url="jar://$USER_HOME$/.sdkman/candidates/java/23.0.2-graalce/lib/src.zip!/jdk.jartool" type="simple" />
            <root url="jar://$USER_HOME$/.sdkman/candidates/java/23.0.2-graalce/lib/src.zip!/jdk.javadoc" type="simple" />
            <root url="jar://$USER_HOME$/.sdkman/candidates/java/23.0.2-graalce/lib/src.zip!/jdk.xml.dom" type="simple" />
            <root url="jar://$USER_HOME$/.sdkman/candidates/java/23.0.2-graalce/lib/src.zip!/java.desktop" type="simple" />
            <root url="jar://$USER_HOME$/.sdkman/candidates/java/23.0.2-graalce/lib/src.zip!/java.logging" type="simple" />
            <root url="jar://$USER_HOME$/.sdkman/candidates/java/23.0.2-graalce/lib/src.zip!/jdk.charsets" type="simple" />
            <root url="jar://$USER_HOME$/.sdkman/candidates/java/23.0.2-graalce/lib/src.zip!/jdk.compiler" type="simple" />
            <root url="jar://$USER_HOME$/.sdkman/candidates/java/23.0.2-graalce/lib/src.zip!/jdk.dynalink" type="simple" />
            <root url="jar://$USER_HOME$/.sdkman/candidates/java/23.0.2-graalce/lib/src.zip!/jdk.jconsole" type="simple" />
            <root url="jar://$USER_HOME$/.sdkman/candidates/java/23.0.2-graalce/lib/src.zip!/jdk.jpackage" type="simple" />
            <root url="jar://$USER_HOME$/.sdkman/candidates/java/23.0.2-graalce/lib/src.zip!/jdk.jsobject" type="simple" />
            <root url="jar://$USER_HOME$/.sdkman/candidates/java/23.0.2-graalce/lib/src.zip!/java.compiler" type="simple" />
            <root url="jar://$USER_HOME$/.sdkman/candidates/java/23.0.2-graalce/lib/src.zip!/java.net.http" type="simple" />
            <root url="jar://$USER_HOME$/.sdkman/candidates/java/23.0.2-graalce/lib/src.zip!/jdk.crypto.ec" type="simple" />
            <root url="jar://$USER_HOME$/.sdkman/candidates/java/23.0.2-graalce/lib/src.zip!/java.scripting" type="simple" />
            <root url="jar://$USER_HOME$/.sdkman/candidates/java/23.0.2-graalce/lib/src.zip!/jdk.httpserver" type="simple" />
            <root url="jar://$USER_HOME$/.sdkman/candidates/java/23.0.2-graalce/lib/src.zip!/jdk.jdwp.agent" type="simple" />
            <root url="jar://$USER_HOME$/.sdkman/candidates/java/23.0.2-graalce/lib/src.zip!/jdk.localedata" type="simple" />
            <root url="jar://$USER_HOME$/.sdkman/candidates/java/23.0.2-graalce/lib/src.zip!/jdk.management" type="simple" />
            <root url="jar://$USER_HOME$/.sdkman/candidates/java/23.0.2-graalce/lib/src.zip!/jdk.naming.dns" type="simple" />
            <root url="jar://$USER_HOME$/.sdkman/candidates/java/23.0.2-graalce/lib/src.zip!/jdk.naming.rmi" type="simple" />
            <root url="jar://$USER_HOME$/.sdkman/candidates/java/23.0.2-graalce/lib/src.zip!/java.instrument" type="simple" />
            <root url="jar://$USER_HOME$/.sdkman/candidates/java/23.0.2-graalce/lib/src.zip!/java.management" type="simple" />
            <root url="jar://$USER_HOME$/.sdkman/candidates/java/23.0.2-graalce/lib/src.zip!/java.sql.rowset" type="simple" />
            <root url="jar://$USER_HOME$/.sdkman/candidates/java/23.0.2-graalce/lib/src.zip!/java.xml.crypto" type="simple" />
            <root url="jar://$USER_HOME$/.sdkman/candidates/java/23.0.2-graalce/lib/src.zip!/jdk.internal.ed" type="simple" />
            <root url="jar://$USER_HOME$/.sdkman/candidates/java/23.0.2-graalce/lib/src.zip!/jdk.internal.le" type="simple" />
            <root url="jar://$USER_HOME$/.sdkman/candidates/java/23.0.2-graalce/lib/src.zip!/jdk.internal.md" type="simple" />
            <root url="jar://$USER_HOME$/.sdkman/candidates/java/23.0.2-graalce/lib/src.zip!/jdk.nio.mapmode" type="simple" />
            <root url="jar://$USER_HOME$/.sdkman/candidates/java/23.0.2-graalce/lib/src.zip!/jdk.unsupported" type="simple" />
            <root url="jar://$USER_HOME$/.sdkman/candidates/java/23.0.2-graalce/lib/src.zip!/java.smartcardio" type="simple" />
            <root url="jar://$USER_HOME$/.sdkman/candidates/java/23.0.2-graalce/lib/src.zip!/jdk.internal.opt" type="simple" />
            <root url="jar://$USER_HOME$/.sdkman/candidates/java/23.0.2-graalce/lib/src.zip!/org.graalvm.word" type="simple" />
            <root url="jar://$USER_HOME$/.sdkman/candidates/java/23.0.2-graalce/lib/src.zip!/java.datatransfer" type="simple" />
            <root url="jar://$USER_HOME$/.sdkman/candidates/java/23.0.2-graalce/lib/src.zip!/jdk.accessibility" type="simple" />
            <root url="jar://$USER_HOME$/.sdkman/candidates/java/23.0.2-graalce/lib/src.zip!/jdk.hotspot.agent" type="simple" />
            <root url="jar://$USER_HOME$/.sdkman/candidates/java/23.0.2-graalce/lib/src.zip!/jdk.security.auth" type="simple" />
            <root url="jar://$USER_HOME$/.sdkman/candidates/java/23.0.2-graalce/lib/src.zip!/jdk.security.jgss" type="simple" />
            <root url="jar://$USER_HOME$/.sdkman/candidates/java/23.0.2-graalce/lib/src.zip!/java.security.jgss" type="simple" />
            <root url="jar://$USER_HOME$/.sdkman/candidates/java/23.0.2-graalce/lib/src.zip!/java.security.sasl" type="simple" />
            <root url="jar://$USER_HOME$/.sdkman/candidates/java/23.0.2-graalce/lib/src.zip!/jdk.graal.compiler" type="simple" />
            <root url="jar://$USER_HOME$/.sdkman/candidates/java/23.0.2-graalce/lib/src.zip!/jdk.internal.vm.ci" type="simple" />
            <root url="jar://$USER_HOME$/.sdkman/candidates/java/23.0.2-graalce/lib/src.zip!/jdk.management.jfr" type="simple" />
            <root url="jar://$USER_HOME$/.sdkman/candidates/java/23.0.2-graalce/lib/src.zip!/java.management.rmi" type="simple" />
            <root url="jar://$USER_HOME$/.sdkman/candidates/java/23.0.2-graalce/lib/src.zip!/java.transaction.xa" type="simple" />
            <root url="jar://$USER_HOME$/.sdkman/candidates/java/23.0.2-graalce/lib/src.zip!/jdk.crypto.cryptoki" type="simple" />
            <root url="jar://$USER_HOME$/.sdkman/candidates/java/23.0.2-graalce/lib/src.zip!/jdk.incubator.vector" type="simple" />
            <root url="jar://$USER_HOME$/.sdkman/candidates/java/23.0.2-graalce/lib/src.zip!/jdk.internal.jvmstat" type="simple" />
            <root url="jar://$USER_HOME$/.sdkman/candidates/java/23.0.2-graalce/lib/src.zip!/jdk.management.agent" type="simple" />
            <root url="jar://$USER_HOME$/.sdkman/candidates/java/23.0.2-graalce/lib/src.zip!/jdk.unsupported.desktop" type="simple" />
            <root url="jar://$USER_HOME$/.sdkman/candidates/java/23.0.2-graalce/lib/src.zip!/org.graalvm.collections" type="simple" />
            <root url="jar://$USER_HOME$/.sdkman/candidates/java/23.0.2-graalce/lib/src.zip!/org.graalvm.nativeimage" type="simple" />
            <root url="jar://$USER_HOME$/.sdkman/candidates/java/23.0.2-graalce/lib/src.zip!/org.graalvm.nativeimage.llvm" type="simple" />
            <root url="jar://$USER_HOME$/.sdkman/candidates/java/23.0.2-graalce/lib/src.zip!/org.graalvm.truffle.compiler" type="simple" />
            <root url="jar://$USER_HOME$/.sdkman/candidates/java/23.0.2-graalce/lib/src.zip!/com.oracle.svm.svm_enterprise" type="simple" />
            <root url="jar://$USER_HOME$/.sdkman/candidates/java/23.0.2-graalce/lib/src.zip!/com.oracle.truffle.enterprise" type="simple" />
            <root url="jar://$USER_HOME$/.sdkman/candidates/java/23.0.2-graalce/lib/src.zip!/jdk.graal.compiler.management" type="simple" />
            <root url="jar://$USER_HOME$/.sdkman/candidates/java/23.0.2-graalce/lib/src.zip!/org.graalvm.extraimage.builder" type="simple" />
            <root url="jar://$USER_HOME$/.sdkman/candidates/java/23.0.2-graalce/lib/src.zip!/com.oracle.graal.graal_enterprise" type="simple" />
            <root url="jar://$USER_HOME$/.sdkman/candidates/java/23.0.2-graalce/lib/src.zip!/com.oracle.svm.enterprise.truffle" type="simple" />
            <root url="jar://$USER_HOME$/.sdkman/candidates/java/23.0.2-graalce/lib/src.zip!/com.oracle.truffle.enterprise.svm" type="simple" />
            <root url="jar://$USER_HOME$/.sdkman/candidates/java/23.0.2-graalce/lib/src.zip!/com.oracle.svm.extraimage_enterprise" type="simple" />
            <root url="jar://$USER_HOME$/.sdkman/candidates/java/23.0.2-graalce/lib/src.zip!/com.oracle.svm_enterprise.ml_dataset" type="simple" />
            <root url="jar://$USER_HOME$/.sdkman/candidates/java/23.0.2-graalce/lib/src.zip!/org.graalvm.extraimage.librarysupport" type="simple" />
          </root>
        </sourcePath>
      </roots>
    </jdk>
    <jdk version="2">
      <name value="Kotlin SDK" />
      <type value="KotlinSDK" />
      <homePath value="" />
      <roots>
        <annotationsPath>
          <root type="composite" />
        </annotationsPath>
        <classPath>
          <root type="composite" />
        </classPath>
        <javadocPath>
          <root type="composite" />
        </javadocPath>
        <sourcePath>
          <root type="composite" />
        </sourcePath>
      </roots>
    </jdk>
  </component>
</application>