<application>
  <component name="BuildProcessSatisfactionSurveyStore">
    <option name="daysWithGradleBuilds" value="1" />
    <option name="firstKotlinGradleBuildTime" value="1740443060" />
    <option name="lastKotlinGradleBuildTime" value="1740443122" />
    <option name="nextCountedGradleBuild" value="1740529460" />
  </component>
  <component name="KotlinNewUserTracker">
    <option name="firstKtFileOpened" value="1740442880" />
    <option name="lastKtFileOpened" value="1741740844" />
    <option name="newKtUserSince" value="1740442880" />
  </component>
</application>