<application>
  <component name="ProjectManager">
    <defaultProject>
      <component name="PropertiesComponent"><![CDATA[{
  "keyToString": {
    "settings.editor.selected.configurable": "editor.preferences.fonts.default"
  }
}]]></component>
      <component name="TaskManager">
        <task active="true" id="Default" summary="Default task">
          <created>1740442818554</created>
          <option name="number" value="Default" />
          <option name="presentableId" value="Default" />
          <updated>1740442818554</updated>
        </task>
        <servers />
      </component>
      <component name="VcsDirectoryMappings" defaultProject="true" />
      <component name="WindowStateProjectService">
        <state x="373" y="147" key="SettingsEditor" timestamp="1740442821528">
          <screen x="0" y="38" width="1728" height="1079" />
        </state>
        <state x="373" y="147" key="SettingsEditor/0.38.1728.1079" timestamp="1740442821528" />
      </component>
    </defaultProject>
  </component>
</application>