<application>
  <component name="UISettings">
    <option name="DIFFERENTIATE_PROJECTS" value="false" />
    <option name="EDITOR_TAB_PLACEMENT" value="0" />
    <option name="FULL_PATHS_IN_TITLE_BAR" value="true" />
    <option name="HIDE_TOOL_STRIPES" value="true" />
    <option name="KEEP_POPUPS_FOR_TOGGLES" value="false" />
    <option name="SHOW_EDITOR_TOOLTIP" value="false" />
    <option name="SHOW_NAVIGATION_BAR_MEMBERS" value="false" />
    <option name="showTreeIndentGuides" value="true" />
    <option name="UI_DENSITY" value="COMPACT" />
  </component>
</application>