<application>
  <component name="DimensionService">
    <location key="find.popup.0.0.3456.2234@192dpi" x="1130" y="380" />
    <size key="GridCell.Tab.0.right.0.0.3456.2234@192dpi" width="2636" height="576" />
    <size key="GridCell.Tab.0.left.0.0.3456.2234@192dpi" width="2636" height="576" />
    <size key="GridCell.Tab.0.center.0.0.3456.2234@192dpi" width="2636" height="576" />
    <size key="GridCell.Tab.0.bottom.0.0.3456.2234@192dpi" width="2636" height="576" />
    <size key="GridCell.Tab.1.left.0.0.3456.2234@192dpi" width="2636" height="576" />
    <size key="GridCell.Tab.1.center.0.0.3456.2234@192dpi" width="2636" height="576" />
    <size key="GridCell.Tab.1.right.0.0.3456.2234@192dpi" width="2636" height="576" />
    <size key="GridCell.Tab.1.bottom.0.0.3456.2234@192dpi" width="2636" height="576" />
    <size key="find.popup.0.0.3456.2234@192dpi" width="1430" height="1854" />
  </component>
  <component name="WindowManager">
    <frame x="0" y="38" width="1728" height="1079" extendedState="6" />
  </component>
</application>